"id","Tier"
"cEW1BiNLPAel0flu9SQluQ","A"
"vjTGVqedAoiMBtcbp14G4Q","A"
"wtP76DJCEkkEcyFgcnq-Mg","A"
"ckevgV4hJkFrrXOUP_BYgQ","A"
"RE5uwf7kuckpy9gKq6i2aw","A"
"3pVhEwRS7eNwDgESPXZWKg","A"
"MhgSSd3f6L690lcHix72nA","A"
"2jC7adpqpzRZMLl4RP6QAw","A"
"p115OorDjBGcy-EPXiB2KA","A"
"qROjTjrfMNci6_utkFn9NA","A"
"5vEdJyniW9xjQRJMNJuTYg","A"
"KJ88MH47cuusKFPDrYm3zw","A"
"iKAwdGVCp2tmo2jC6VNIWg","A"
"1wNtpV1h1hZxwGW-qJftzw","A"
"EBruZ59lc4aC3NYjRTXpJQ","A"
"peAcJIgwd5tjVuG1qH2-yQ","A"
"4PEa64gJ-csfvjJIPhjxzw","A"
"6pwdY4cbrNLck2LKL5yqRA","A"
"PgPw-6YU3Hny5nQx2qkzUg","A"
"qdfIk7YU_eb_czQh6HdDWA","A"
"naPjNkvj5EOR7WovBWF-zw","A"
"DHHX3W_18cqwGY_HWPYybg","A"
"kiK5I_4boN1lZQqMpR24cw","A"
"Bj617ckQhnX4EKyM3mo6Ug","A"
"3p4RKoGfk1CYXAQAt4vPpg","A"
"q0rQaSuRHw4d3qypOW4M2g","A"
"Kb56zg-WgIXMv4C66F80qw","A"
"ugMYFH0zpI3pfjjRAqRgRg","A"
"U6d1hYvwKdMPp3CeGmFzhA","A"
"EO7hLli8wk2fSOcePLC-fQ","A"
"7gEJc0a5cHWhK-E26A7U8Q","A"
"seZAtULkFY2jGk-7AhCICw","A"
"82KmSsdIcsB8x1bAPX0cmw","A"
"HSQZupQGczhKSMQqK9ewxA","A"
"2EVgSV7qLqgC_ytcK75zdg","A"
"4-A3b9A8cqzyAGBYL7VAhg","A"
"UY1Zv8y16bQSmx6eBpusiw","A"
"7la6VZRZYGsMeBrSWVgqEQ","A"
"p6P0rrJLcorMBdwfkFPlVQ","A"
"Grd_hkP0dfWnMSQcXcCU6g","A"
"h3G-3vNgeOdP9VkcmINHpg","A"
"AZCtQlNPreoG0kPEMaW_Wg","A"
"VKZvdwK0bfVRAGGv1cuVTQ","B"
"kAudUVVOPMLJQA_2528uoA","B"
"MsOAi58wyOfO4N8IOCLXZw","B"
"CWVA4vryKTyBiJ1h2J7zKA","B"
"4R2dp-amlB66mBxk4_8Ttw","B"
"K0OvBFtwY3TnmxVgiQsEhA","B"
"4kg74E_bhwbdovG2WQq58g","B"
"lEjbQgb77t6uVQTM3K6YSg","B"
"8GEqiAQ1sDVLhWQYuJeSPg","B"
"fCcjmODOZaeBavVHFeQtxg","B"
"9ANHGGeqvPfv_W3ehFLWLg","B"
"Tu0lTy5-vSTgo4glJFDMBw","B"
"Rovm8tNkZSR-k5jTe_6fEw","B"
"46ZNNelI9b6pkhoPAOGOHA","B"
"CQEgT_BPugoSsZgf6QUE4A","B"
"aLd0QouZR_r2BZ0SJIcgMQ","B"
"RzKR1EMiXF7ImgX0Lj_QGg","B"
"D-Tx1tStmjLQhEvmyMzXmQ","B"
"Q2ybMreVvUm34zz_CAMALw","B"
"I6suYpV7mM39v_M65NkmUA","B"
"llF8KiDzxUHouf_dXL6XdQ","B"
"iHFwF-2J_zARPZmyZu-jJw","B"
"l9YMWMq5p_qAc_nEoUilmw","B"
"9kizUGaaG67GjcRwCpf-zw","B"
"NTFGMJgsnrMbm7Ct9d0x2A","B"
"Yeu-HKf3nBvd3sJrCTT25w","B"
"zWdKbu39_7xkn81FCoXLkA","B"
"xrjVhgl1BjYvyDq9qEfxCw","B"
"0q5oqAZ2tfwlL7iKPux7xQ","B"
"plYIsS2S0OQikbBZIlds1w","B"
"sAI4FFYKRn0yPFX3-oUr1w","B"
"j93fXjzwDRPaPIiDbGY-Kg","B"
"mNSkc4n0l-M_wBRbdwWKhw","B"
"NTYIrXVps2greDuR-sN3TA","B"
"PrrvLOpU8d5BL9rzL8mEAQ","B"
"Mdaeu8ub8H0YW7zi_1Ox0Q","B"
"at-jzmH2iafuAxptocr8RA","B"
"7LHALvO4YweMLGZB6mxVAw","B"
"-5nq0QttQHAaF1gBZzlh2Q","B"
"fE-4koBidiDraeeRH024SA","B"
"Cp3bbGcPV1felfoDM3pfgA","B"
"xHg2EGx_xNvZWqB3rN32sg","B"
"0348PkfDEyhyADjPaCEs8A","B"
"eGzTU5PnehLpuizjtwqpVQ","B"
"P2oC_1iksj3LeTXQb2K7vQ","B"
"gz1FhM5W1ld-dwgYV5xRZQ","B"
"f5NP-xjD9qFASZVBYMJTZQ","B"
"hr7F69chSErBJ0n5qjjD3w","B"
"C_vHlFHGm1R5BOtLjLJvbA","B"
"UmFWdgFWRT4TINI30cz_7g","B"
"D0eKjGeq2Xqs8RNSx6QFGw","B"
"J5LKzrQk8RSEdqvNSRbv6w","B"
"L0ev4rkmbT1uuXq4BKp32Q","B"
"wztpZdsBrqJneEBJsoLKaQ","B"
"wvyBLIOZMb5z4yTyh_FxuQ","B"
"Iw9QWSq97LS1HcG_4PAElQ","B"
"XS0BZA6YW7iwzmDX3GfCbg","B"
"Dsoz3ac53FoV7ehUmwV5ig","B"
"xCrhPdGFc2HkfV_p8YIZ0w","B"
"H_Jpkmgx7ZWZcEssr9vqOg","B"
"FRvkiRoqX0a0LTUiaJglmQ","B"
"AWLLMu6mkiiIbjcKyEgDbw","B"
"7ApRCPlbvLsblGIVWTgmfg","B"
"B9z5qKSEOvP7v3hOGMa9iA","B"
"DpuTJbkRLPo_4Cx4pYeOHw","B"
"ETRMnR-wuEYwlE1aKuQsZA","B"
"323BsaJFYmtdIMlj9d2Ypw","B"
"8S2wixd3UFuxXeOyMNKpAQ","B"
"S4W4VpSWfEfxmAuY-3k89Q","B"
"4c3EdWuEGixPtR6wDPKJ4Q","B"
"vHfJLNttOlfwC6a37DDlFQ","B"
"H6BdvqXJfk1KOOoa6y3Sgg","B"
"byvTWxZYUcyfKbYUi6eGXg","B"
"40oVLcqTHCwwXzPujTygwA","B"
"IjpR2pBlgD1W47wA9D4DXQ","B"
"GP3r9MZ2Pt9cR7UHrx9lbQ","B"
"Wp7vCrMsDv9C-X4XEnHEIg","B"
"9UAzJ-Uei_jfS_YCzm5igg","B"
"lfwPRqLyX8GBFs8MmZ4EPw","B"
"uyyq0x5q7xCTi1z-tIVuIw","B"
"OBJGQdn4N6jzkEaKpo3JnQ","B"
"fC8LoSdx8lSuvZl18wVt9A","B"
"lUWD6i73byy-KDMtjNEhWg","B"
"SJr6Hs_XS4ubUq8NojqXzA","B"
"NlHvb7LCOzTyX_mUqE_2dg","B"
"bH6Qct-oe20L347xQvdoGg","B"
"V_QA5E5wu_97L7wBonbQKA","B"
"wndSBEGxQzgu5yWRoKUglQ","C"
"X4PV5STGiujp2FNd093jvA","C"
"n1sqvIDBIH04B4hF6WQRPw","C"
"fTwMOQzaigaTrw30E7xuTA","C"
"mreX-LBtTyVfb0Kds_r2sQ","C"
"Z0SpAfYEg-jcnpZG_2V6Kg","C"
"vETG4RNictPtpY_XbZ_pGw","C"
"1AqCzn7mXEiNuFJNhLIU2w","C"
"IHPnHZYW9SuVHRmjRHV9tg","C"
"uCI0kp8067oGMjdXRbwU_A","C"
"63BkeIm5g5p9SpnSLRWemQ","C"
"s4UUx5h_B5ZbMQGhgCHaaQ","C"
"B3cv2fd2WCZA2nvFP-XoJQ","C"
"mKR8HjVi0Qmm_HEWP37E-w","C"
"HjLKuyQqxoZDUoilesrP8A","C"
"Om-nDn5NHv0LdAD8DUlx4A","C"
"M_heD0KjzBHjzCzkvZ7fxQ","C"
"phYJGEOVXZIUI5IKafmGqQ","C"
"QmqBswApSr3PVUQJMzGRbg","C"
"o7TXpze5Zq8i8Q97qoTxPQ","C"
"2oUSOejHypMFcbOkZUMS7A","C"
"7k6ec_aegmvSPp7RbotNjg","C"
"-SkgnasphoFRRpBG7ii6kw","C"
"oS0U50lxDw1b1YqjzmyC3w","C"
"ezmbWMmx43umFRv2x4aSPw","C"
"2dRllP-LutT0XW_tzfRFOg","C"
"qJgXjDC8KIvl3A-GRQ0b8Q","C"
"xGAUZ_8CSoMtrlvjggUQ8Q","C"
"fMzOIScLPSo6cZ07xd8JTw","C"
"T-Rn3MJpNnsDoJqRUSlP-w","C"
"fF2HDqTKyPjdCUjaExQylA","C"
"tF8CmVzKDHvLL45iPbtq8w","C"
"VXXbSJCjcycRkyiGvL0U4g","C"
"wNfex2Db4OhE7Zd7AxdJ6Q","C"
"PLgYrbdbxIOnttV7QqfF7g","C"
"ujCBvLsjyLCGfvf_BVRMqg","C"
"bpwWjk1WV1_UwhVcMxeU2Q","C"
"J4uZaUOzdKg1fYMwDoQ6tQ","C"
"NDEQbzE24ruYcAa9yv-4Rw","C"
"6W1wMuh1Fk4vC4jUnojqqA","C"
"I_-jD0tHKB6sXBr53RXtAg","C"
"xAGZtCyvC7pQswC0c3jtcw","C"
"vnoIQ2Bq99av_prPCjo7Yw","C"
"SPaK_JmI-xZg2on37HdY_Q","C"
"k1x3mgXoaRF5e2KQWQ6mFA","C"
"WGR5x7Zu9gJaYsw04nK8Hw","C"
"vJA_QQIjNBbjAGBCtubnaA","C"
"8MlxoVc-1tNwK3Knixk3qA","C"
"MRNktFjl623j9IZhxuEhSg","C"
"jTOLCOvSmiB5scfUFzE7Zg","C"
"57onEbn5jK49D1JnPSsKPQ","C"
"E30dlTNNfbR6prmF07HPUg","C"
"UtnHDGZLQU6q10KJsEkRJQ","C"
"Ehe-YHxh6JYkmQZ18dJ2Tg","C"
"fPk5BXb6kFui1UW3OM_gjQ","C"
"x4kmHsHesTnAAlXKU-cfag","C"
"X3hcHm6n37bmzdNWvi0PhA","C"
"nTXno4hnr6oPrwFuXQEPJg","C"
"fPgy_VSSw0Czjo_IAjdZuA","C"
"ADXAPAsNWegi3qofai0Xqw","C"
"2f7sGLZcWnvX4VpYouzAog","C"
"cxbvXiLnEF942kxHW7idZw","C"
"ViwOpYUVKi4ouM8E22JV5A","C"
"oixoe-aJJL2Kf_qS2Yimrg","C"
"S87xZLuN-xTX_5YRAAUtyA","C"
"v6qK3fWJ8-vgQV5FWxRm5w","C"
"msicZD52GroO48HZDcmGrw","C"
"kdnZ2ObhQghN0O8ZaQk-vQ","C"
"Wp1SD-J9WnnRvyfAlJX3fQ","C"
"oY3nTvPbisXVYF-1E622aQ","C"
"XfjLsPYDJ42r4GlsWgThkA","C"
"-WDTR5MkTxCzyo2r4nRqTA","C"
"JTaO4i-a1wy969fkf7fFRw","C"
"-dhIHdDixS01TpQhXlOrWw","C"
"DNIb7WIcYIHvZZX7JL48pA","C"
"pUFi7ympFHfH1FakCyiGRg","C"
"NundGx4pRZsrHGSXwGlznQ","C"
"2SoJMpx5InuzYaTaDTDmZA","C"
"6hAUQnj35iLe-qe4a7d2Sg","C"
"OvFuzL5phdZNt5wZ-XC-OA","C"
"Gwtvl5kopZBGnN-MrGwNkA","C"
"UGHy6QziDoTJIraDKMc78w","C"
"mLBFhXsXBRNAeZpnz0aqzQ","C"
"2-fzGk698M7VgMg7nGBKYQ","C"
"QW0ozABysFmiOI7oVFrbfQ","C"
"FfERlgRfEo6eWZBFHqQvKQ","C"
"f_Ol9lKN_YXBZgIMCZ4KOg","C"
"AiT1PinZFjkyDCE2Qjihxg","C"
"IdHecoatg48hbUMBiuhNXQ","C"
"hanQ3DSf26EtvFaypW19nA","C"
"g0EihaPz0S6dKOpgQmnFyw","C"
"i2RxLRwUbVHXdu0v3Dxrrg","C"
"iao4DxIBPaQdbCnoYOpHxw","C"
"PxOdsANnr47ChmLK37OuUw","C"
"rFbyOtoBpQ5WY0nIReoEyg","C"
"cWWstocs_7n-gqTnCDSs2Q","C"
"p4o4ORg3AffEUaIJQdFRZw","C"
"htfHEAbj3yc6qOywh5yIZQ","C"
"-nxh-pnM4W6HGJx2amqklQ","C"
"IYANNBdeotWobUyX9lroQQ","C"
"_f0CKi4BuCRnlO_SgKze1g","C"
"0L2SP5VYXozjXgAKoDrp4Q","C"
"P-f_R3aHT8UHTJjMHWJ-CQ","C"
"wBZV7BVQFKh5kiCI7EbM1w","C"
"3eKjj7VahnWjaNwpZnmYZQ","C"
"AMGGpxjMZdE3ZSHc-Suiig","C"
"8ab2qhEepn9zFeCY5wlKJQ","C"
"3kZtT0xBZr43UVBrKV2L2w","C"
"T-h1-I1uyUnQ6iZF_5nhzg","C"
"xRde4wSxmvVeHKId6nHUfQ","C"
"VBu0tCJD-KYVKc4YR0teyg","C"
"DJ50n29sm6K9FgR1HerFog","C"
"SF1APA3xCrVBxbgsd0HhdQ","C"
"07EVAgv7bq0LsYOoQzJtRQ","C"
"zZkVCkf5a1x-LUnvMVAEzQ","C"
"p6Wp3hkNsn1R6fBX0aPIzg","C"
"DMw43oeque9adpSgXNwEYQ","C"
"JUa0LXo0Gldw9qs3Iss7Og","C"
"tE1Kv1znrGbZ8EAjhOGVNQ","C"
"Q54d8ehZl_ZSCRArMA7s0A","C"
"cdW3Q23Uabze5wvAQefTCg","C"
"HWg0VACFmbE_LoLFebSPxw","C"
"Zmw9EpZuTq2yQjZ0cwwYAA","C"
"ou3ogTivJGZFXylFhNccBg","C"
"odZ_BH9IU8sbblLKAuzK1w","C"
"oywWxbh8FVGEOeslT4BE3w","C"
"uTzZFspcDwLCQtSQg6sEYQ","C"
"ZTBAsrRIyR1sJjQbjB-73g","C"
"PLA3IfhqCEDePd---xX1Hg","C"
"gzNElgPqcf7P6EB9wImqLA","D"
"c9eiZmPuSu9XRqSaw4mhUQ","D"
"KCokzfrCvEO1quW5XXnH1g","D"
"YGknNIH8ZGcOETYbll6ldQ","D"
"YwTPgjSqfJ_ZQda_q3PE6g","D"
"Lxzq0nmISxHhHbpOkGgo1w","D"
"UNMrM-9MSS1wZEoATX1avw","D"
"MZsHlSEqtWO4Vuc1lSvyZw","D"
"Isil9urc0KpFYlCjJpg83g","D"
"_ZskpPe2GyCxI8hHiVuWHQ","D"
"BhyDaI1_SpURNRg3_9yxYA","D"
"7UCnvK2576Y9iVKARlY3-w","D"
"ViUfT5SN-CBA8NO_kR4k7A","D"
"BDCgk8mqOf9Fw_g8rDXxAA","D"
"CLrts6cWmttdF43e81sq0g","D"
"esWCECUndh5YvgPsKz77Yg","D"
"s9NZVgkcKyCrXHZPfp_nsw","D"
"zUuctoA2HiFIadjUJqJwXw","D"
"kxWGcD1VsOt3_frdhbJmgw","D"
"95PcxjCYoEWFzMJfKafPdA","D"
"3kJZEAKKqOrw8JMut4dMdw","D"
"Ow2wx0kyg2G2KYxyvsLkew","D"
"fy0kU41bW5HHgqgA_GJTsQ","D"
"-KKlKp3NrFJmQJssqFhqOw","D"
"QCq7ykXnyMPjb2VL7zzhQQ","D"
"k3pYIwJ8Q2j6JRmWxzjw5Q","D"
"4pEb6MN-iyjDsHs0BpbSEw","D"
"r7ZGO9U7RH0kI9K2CjTU-Q","D"
"Hq_ruzeuK5CkNXY4Bmly8Q","D"
"UjlzQ2JrT6489uC-RXpC0g","D"
"st6NdHzyRlRhhS4exRERQw","D"
"XOmCArKnswiYfBRrbpU1gg","D"
"WVFapVzvclqATJBXjgSpkQ","D"
"nDc22zAPPiYPg730XSUVFw","D"
"FHvOvhUnuFfDv0j5gpqzRg","D"
"koz0NlXSCyskWmaO4UGlug","D"
"5ewvPqDnOjd7K4TIf7e3VQ","D"
"9hb_5MBTotUMNGnmwW3NfQ","D"
"O25ZGrZDBdzGCwjcOYElLg","D"
"loKbRPlawgpW1l9el00zPw","D"
"HI0G3UtuWGh0L_FbZo-KqQ","D"
"9G2Ius6H9U9GIvMLuUFnWg","D"
"_lakp7gk0uQ-G0PpyQlFgA","D"
"M_5BBphfWj4XCmVAzLZz8w","D"
"i1YDaNe7gMhkouVFqq-CTQ","D"
"tEAltGVmOZNrjUz9vPs2ug","D"
"kpURYFb3B09x3EdujYvM1g","D"
"vgpH-qMhZ6jmfATxylaP9Q","D"
"M6f4HkjsIXzD9c_h0-bJ6w","D"
"gYq2DbbYUfcWMB7CJPzaTQ","D"
"f7qTrFudeaA-hPTquGTWJQ","D"
"ITy0inRPpnKa_4ent9Y0oA","D"
"BPDNqLnbzIdSEfiTtH5Q1w","D"
"G7D-Zu9f-kQSF3ZQedUwVQ","D"
"_IL1r6tgy_wv991UAck_5Q","D"
"eZlsGa43vIp4oqRGk46nlQ","D"
"xeKWjoT8x4_S9LsimmsgmQ","D"
"wbPii5-tVO0AquWo1EnX-Q","D"
"L72WIRqdDFgNhJSfw7k_Ow","D"
"dBcWC8sY7ZKyfdxABC2Llw","D"
"Ac6iIyjqKs59qfOdPhRcrw","D"
"e10JPKS_kqiDsNGHgfFFDw","D"
"x7Gmk5uy0dzB2fRaIhtBRA","D"
"lTmT9VTXC0s31B4jn5j39A","D"
"F-UNQXQqk2kP7L-FIa05Ww","D"
"UVQVHo_iiFZ_D3PRUkROOg","D"
"s0bKlJUafZ7Lzaob3glp1Q","D"
"whhpak7Erhx0x6MxnI2aaA","D"
"FN-QMv-VbHfpaISAoszlrA","D"
"koMR724iAnybIDhLZ8-UQw","D"
"bmQoA1Y84sdymymsRuhwhg","D"
"9avChPd7P3i4cJCA-V_kLw","D"
"tGMx-EvYkAxiFBDMh3JTgw","D"
"KRjDR5nXRg1UYqA47aos9Q","D"
"PxPqvu9Mx1Z46RXypnSDnQ","D"
"LshqVHbmQtJPunmsa-7tcw","D"
"0zeyuk-YMDBlRBzpmQjr8Q","D"
"Uj8q5kobjZYgr6zGV_B4mg","D"
"okSeBJJ4MQL3eYSMkxx9kg","D"
"147moFfUATTl1ak5SfzGsg","D"
"AxR2R-VV8OrLE2HJSGNtaQ","D"
"vVmkqLgnSB6wlxMvF3eORg","D"
"zhOqs5m__IG-gGti1-KiWg","D"
"ijVk7MJKvfRDiRtH2pIgqQ","D"
"thA-MaY_mSZ8pWBRDmVmuw","D"
"mfNhgQacjJxemRpJsLO0Og","D"
"YwZeIV9iN-wtOP0m7WF47g","D"
"pZLw7NeKf_pRgrVPqS7PMw","D"
"k8C9nz__YmP_HQ9CLUqkhg","D"
"xPTVSitfXFZWkjvnQNUH2A","D"
"ANGBqJSac1QaP_DEPOAJtg","D"
"W4Om7gxMPctraqORaunTag","D"
"4Xeo8EDoJUjfZPOMpPYIgw","D"
"lBeOCub-JNtyfNlblUxwjQ","D"
"QiCWJtM4GRwdRRGbp6nU9g","D"
"MvPh5QKIvC2knuOpzll7jw","D"
"zQJk01Q8EuF-7-1fO8UZMQ","D"
"wTtOXvbg0cpLPtvX-JjHkA","D"
"LA64TPYjOmiDdXBQoBQCAw","D"
"n5j2bXNE9HfSToEMN3g_Wg","D"
"J938yxjlcLmTTMSTsq6bag","D"
"uQvCvJ5wMZh0_-lisKhe1A","D"
"IKg2jESxp85vtnomHsmdYw","D"
"aSBkGUD1x20jKi24haYVOQ","D"
"54OKsBySYmRfGp6gEsA1Fw","D"
"yQTmBjFaNsJBDxu0wsL6lQ","D"
"Hc5VG7LNSBy2diIpcgdkKg","D"
"0Jc1HZ1NU2v83zLZ_0ubyg","D"
"QB1FC2ciK_ymhtK-Zvu4PA","D"
"yzzhyJJgtzxvTD8T5FNfJg","D"
"T9cAwl32OBgi0o8rQe8PJA","D"
"ErPg8hIYFzCXQZIeTljn_w","D"
"nAh5VJar_vzAzPkQyNUiqg","D"
"ksWQxO9ntXBAPw0D2xqG_Q","D"
"KIFtj4XPIIKGYsUkP9vfCw","D"
"sUwbx2DI3SQkGvc2i4cCSg","D"
"YFR8TYPt-pCLds9-PB35JA","D"
"yQb0SooSeWYpc9cgFvDVVg","D"
"m2Br4o1oEXHFJ1rlPY4VhA","D"
"QsJU3LAkBePLhkw3jwT56g","D"
"4ofBrZ_pBkrbPf85dfXHDg","D"
"I80_ajXXA6QjbmEnfS--Qw","D"
"hUDwJ5dq90_bxhjzIMeH9g","D"
"xFW20mrWZHh7W3tS5uR-yA","D"
"KacLABuXg3JvfssoveHKJA","D"
"2X2hRiWJs7PjNRfy28km2Q","D"
"J2gYIzlrfotDKNU1B5-LYA","D"
"vSEdUmYk_Lv15-Hu_xkp7g","D"
"SJOFm-EGPNpiuGgkM-Nauw","D"
"Pjc9PlWpkGjhhjxP1czPGQ","D"
"zMIAm7MBXeNxqzxDiik6_g","D"
"iXZ6HaOlbMcAbVS416RRtw","D"
"k4lkUW9N3F8YwijXGEJXkw","D"
"-Vx_Ebl2jInVsLXeNmPRzg","D"
"iWHI2eWoO7dD5juGdR3Dww","D"
"MJVGVQxoe-0FJTzolkrWIQ","D"
"iaRUGkE61UO5XGtbj8vbqg","D"
"_j_fdmUpatahhrlmcDwvTw","D"
"N6GUFie13kpTtGozau6PLg","D"
"X6tuckQLv2j2G7CSvilW2A","D"
"DcORKkHv5wN28vEkpRPo_A","D"
"0Uar3Gnhvb7G7oFlxhqVEw","D"
"7QICg0mvYPrJVZLry_M7mQ","D"
"EIMz9CZIjVXUgUGCB3E7kQ","D"
"3OFRJov3BJd1HQLh_ftS1A","D"
"AuD4NhJUw0Y13dLJjNgcww","D"
"Jks0sH5izY1dw1C_4RuxkQ","D"
"U0Yz08wZIFvK0ZFwGsp_WQ","D"
"3TXlJUoNLHVyqGb9FkKDYw","D"
"0Hr7ouffQRik5ee6uCHDww","D"
"dvvMv4KFZvqsSZgG9kdzyg","D"
"UgXKPNZMtCeeKn3JVbI_6g","D"
"fJ36_kjE8y620DQ7rL2YAQ","D"
"QKZHa2ap8J-kDW5RqkXjEQ","D"
"0SMtO3NR5F9B0fYThXF0gA","D"
"MRFUj1xyGcgq6RUEnff0PA","D"
"KdpjxU0xaumCWBZfaVPfiA","D"
"AMaQaqZdipBjRbzbyyVNRg","D"
"CXoEGedBL3GXjFJKF71KUg","D"
"xCtajHgtJ0sxb8wb0o4cXA","D"
"rn5W0AlfXnDbbZQI90_fBg","D"
"wcz472ULcfh0qzJ50xlIEQ","D"
"gdwQQptLrQqFP71_agECew","D"
"QoGJ65YecJb_Oo_TvrhgKQ","D"
"S4H-O6uGXRIuQf4Hh6ZrIQ","D"
"HScZkftgrZIX77MIGe5KeA","D"
"7lzNtTOcFfjIrjGYizhAdg","D"
"WdPHDZ6_tSmrYTB3bdV2VA","D"
"v9N64HvB7fZ2nBzidbUenQ","D"
"rTzvI9ZpjPrFiQj6oBwIug","D"
"C4ROr99GoQS2a9NtyDTIZA","D"
"c86yUJVNPdJ_GHCVs2XQfg","D"
"AH9up3WRIsNggNZ-d-U8pw","D"
"vJN_0jB2GRFrk5mMadkcBQ","D"
"PlorbNkbnAWugHlj62s7fQ","D"
"Z-qU2B66DOtY92Uwjns5kw","D"
"cjrcFkTui0-TTrU2Sn-QeQ","D"
